,lang,langType,English,Portuguese
0,af,af,Afrikaans,Africâner
1,af-NA,af,Afrikaans,Africâner
2,af-ZA,af,Afrikaans,Africâner
3,agq,agq,Unknown,Desconhecido
4,agq-CM,agq,Unknown,Desconhecido
5,ak,ak,Akan,Akan
6,ak-GH,ak,Akan,Akan
7,am,am,Amharic,Amárico
8,am-ET,am,Amharic,Amárico
9,ar,ar,Arabic,Árabe
10,ar-001,ar,Arabic,Árabe
11,ar-AE,ar,Arabic,Árabe
12,ar-BH,ar,Arabic,Árabe
13,ar-DJ,ar,Arabic,Árabe
14,ar-DZ,ar,Arabic,Árabe
15,ar-EG,ar,Arabic,Árabe
16,ar-EH,ar,Arabic,Árabe
17,ar-ER,ar,Arabic,Árabe
18,ar-IL,ar,Arabic,Árabe
19,ar-IQ,ar,Arabic,Árabe
20,ar-JO,ar,Arabic,Árabe
21,ar-KM,ar,Arabic,Árabe
22,ar-KW,ar,Arabic,Árabe
23,ar-LB,ar,Arabic,Árabe
24,ar-LY,ar,Arabic,Árabe
25,ar-MA,ar,Arabic,Árabe
26,ar-MR,ar,Arabic,Árabe
27,ar-OM,ar,Arabic,Árabe
28,ar-PS,ar,Arabic,Árabe
29,ar-QA,ar,Arabic,Árabe
30,ar-SA,ar,Arabic,Árabe
31,ar-SD,ar,Arabic,Árabe
32,ar-SO,ar,Arabic,Árabe
33,ar-SS,ar,Arabic,Árabe
34,ar-SY,ar,Arabic,Árabe
35,ar-TD,ar,Arabic,Árabe
36,ar-TN,ar,Arabic,Árabe
37,ar-YE,ar,Arabic,Árabe
38,as,as,Assamese,Assamês
39,as-IN,as,Assamese,Assamês
40,asa,asa,Unknown,Desconhecido
41,asa-TZ,asa,Unknown,Desconhecido
42,ast,ast,Unknown,Desconhecido
43,ast-ES,ast,Unknown,Desconhecido
44,az,az,Azerbaijani,Azerbaijano
45,az-Cyrl,az,Azerbaijani,Azerbaijano
46,az-Cyrl-AZ,az,Azerbaijani,Azerbaijano
47,az-Latn,az,Azerbaijani,Azerbaijano
48,az-Latn-AZ,az,Azerbaijani,Azerbaijano
49,bas,bas,Unknown,Desconhecido
50,bas-CM,bas,Unknown,Desconhecido
51,be,be,Belarusian,Bielorrusso
52,be-BY,be,Belarusian,Bielorrusso
53,bem,bem,Unknown,Desconhecido
54,bem-ZM,bem,Unknown,Desconhecido
55,bez,bez,Unknown,Desconhecido
56,bez-TZ,bez,Unknown,Desconhecido
57,bg,bg,Bulgarian,Búlgaro
58,bg-BG,bg,Bulgarian,Búlgaro
59,bm,bm,Bambara,Bambara
60,bm-ML,bm,Bambara,Bambara
61,bn,bn,Bengali,Bengalês
62,bn-BD,bn,Bengali,Bengalês
63,bn-IN,bn,Bengali,Bengalês
64,bo,bo,Tibetan,Tibetano
65,bo-CN,bo,Tibetan,Tibetano
66,bo-IN,bo,Tibetan,Tibetano
67,br,br,Breton,Bretão
68,br-FR,br,Breton,Bretão
69,brx,brx,Unknown,Desconhecido
70,brx-IN,brx,Unknown,Desconhecido
71,bs,bs,Bosnian,Bósnio
72,bs-Cyrl,bs,Bosnian,Bósnio
73,bs-Cyrl-BA,bs,Bosnian,Bósnio
74,bs-Latn,bs,Bosnian,Bósnio
75,bs-Latn-BA,bs,Bosnian,Bósnio
76,Catalan,Catalan,Catalan,Catalão
77,Catalan,Catalan,Catalan,Catalão
78,Catalan,Catalan,Catalan,Catalão
79,Catalan,Catalan,Catalan,Catalão
80,Catalan,Catalan,Catalan,Catalão
81,Catalan,Catalan,Catalan,Catalão
82,ccp,ccp,Unknown,Desconhecido
83,ccp-BD,ccp,Unknown,Desconhecido
84,ccp-IN,ccp,Unknown,Desconhecido
85,ce,ce,Chechen,Checheno
86,ce-RU,ce,Chechen,Checheno
87,ceb,ceb,Unknown,Desconhecido
88,ceb-PH,ceb,Unknown,Desconhecido
89,cgg,cgg,Unknown,Desconhecido
90,cgg-UG,cgg,Unknown,Desconhecido
91,chr,chr,Unknown,Desconhecido
92,chr-US,chr,Unknown,Desconhecido
93,ckb,ckb,Unknown,Desconhecido
94,ckb-IQ,ckb,Unknown,Desconhecido
95,ckb-IR,ckb,Unknown,Desconhecido
96,cs,cs,Czech,Tcheco
97,cs-CZ,cs,Czech,Tcheco
98,Old Slavonic,Old Slavonic,Old Slavonic,
99,Old Slavonic,Old Slavonic,Old Slavonic,
100,cy,cy,Welsh,Galês
101,cy-GB,cy,Welsh,Galês
102,da,da,Danish,Dinamarquês
103,da-DK,da,Danish,Dinamarquês
104,da-GL,da,Danish,Dinamarquês
105,dav,dav,Unknown,Desconhecido
106,dav-KE,dav,Unknown,Desconhecido
107,de,de,German,Alemão
108,de-AT,de,German,Alemão
109,de-BE,de,German,Alemão
110,de-CH,de,German,Alemão
111,de-DE,de,German,Alemão
112,de-IT,de,German,Alemão
113,de-LI,de,German,Alemão
114,de-LU,de,German,Alemão
115,dje,dje,Unknown,Desconhecido
116,dje-NE,dje,Unknown,Desconhecido
117,dsb,dsb,Unknown,Desconhecido
118,dsb-DE,dsb,Unknown,Desconhecido
119,dua,dua,Unknown,Desconhecido
120,dua-CM,dua,Unknown,Desconhecido
121,dyo,dyo,Unknown,Desconhecido
122,dyo-SN,dyo,Unknown,Desconhecido
123,dz,dz,Dzongkha,Dzonga
124,dz-BT,dz,Dzongkha,Dzonga
125,ebu,ebu,Unknown,Desconhecido
126,ebu-KE,ebu,Unknown,Desconhecido
127,ee,ee,Ewe,Ewe
128,ee-GH,ee,Ewe,Ewe
129,ee-TG,ee,Ewe,Ewe
130,Greek,Greek,Greek,Grego
131,Greek,Greek,Greek,Grego
132,Greek,Greek,Greek,Grego
133,en,en,English,Inglês
134,en-001,en,English,Inglês
135,en-150,en,English,Inglês
136,en-AE,en,English,Inglês
137,en-AG,en,English,Inglês
138,en-AI,en,English,Inglês
139,en-AS,en,English,Inglês
140,en-AT,en,English,Inglês
141,en-AU,en,English,Inglês
142,en-BB,en,English,Inglês
143,en-BE,en,English,Inglês
144,en-BI,en,English,Inglês
145,en-BM,en,English,Inglês
146,en-BS,en,English,Inglês
147,en-BW,en,English,Inglês
148,en-BZ,en,English,Inglês
149,en-CA,en,English,Inglês
150,en-CC,en,English,Inglês
151,en-CH,en,English,Inglês
152,en-CK,en,English,Inglês
153,en-CM,en,English,Inglês
154,en-CX,en,English,Inglês
155,en-CY,en,English,Inglês
156,en-DE,en,English,Inglês
157,en-DG,en,English,Inglês
158,en-DK,en,English,Inglês
159,en-DM,en,English,Inglês
160,en-ER,en,English,Inglês
161,en-FI,en,English,Inglês
162,en-FJ,en,English,Inglês
163,en-FK,en,English,Inglês
164,en-FM,en,English,Inglês
165,en-GB,en,English,Inglês
166,en-GD,en,English,Inglês
167,en-GG,en,English,Inglês
168,en-GH,en,English,Inglês
169,en-GI,en,English,Inglês
170,en-GM,en,English,Inglês
171,en-GU,en,English,Inglês
172,en-GY,en,English,Inglês
173,en-HK,en,English,Inglês
174,en-IE,en,English,Inglês
175,en-IL,en,English,Inglês
176,en-IM,en,English,Inglês
177,en-IN,en,English,Inglês
178,en-IO,en,English,Inglês
179,en-JE,en,English,Inglês
180,en-JM,en,English,Inglês
181,en-KE,en,English,Inglês
182,en-KI,en,English,Inglês
183,en-KN,en,English,Inglês
184,en-KY,en,English,Inglês
185,en-LC,en,English,Inglês
186,en-LR,en,English,Inglês
187,en-LS,en,English,Inglês
188,en-MG,en,English,Inglês
189,en-MH,en,English,Inglês
190,en-MO,en,English,Inglês
191,en-MP,en,English,Inglês
192,en-MS,en,English,Inglês
193,en-MT,en,English,Inglês
194,en-MU,en,English,Inglês
195,en-MW,en,English,Inglês
196,en-MY,en,English,Inglês
197,en-NA,en,English,Inglês
198,en-NF,en,English,Inglês
199,en-NG,en,English,Inglês
200,en-NL,en,English,Inglês
201,en-NR,en,English,Inglês
202,en-NU,en,English,Inglês
203,en-NZ,en,English,Inglês
204,en-PG,en,English,Inglês
205,en-PH,en,English,Inglês
206,en-PK,en,English,Inglês
207,en-PN,en,English,Inglês
208,en-PR,en,English,Inglês
209,en-PW,en,English,Inglês
210,en-RW,en,English,Inglês
211,en-SB,en,English,Inglês
212,en-SC,en,English,Inglês
213,en-SD,en,English,Inglês
214,en-SE,en,English,Inglês
215,en-SG,en,English,Inglês
216,en-SH,en,English,Inglês
217,en-SI,en,English,Inglês
218,en-SL,en,English,Inglês
219,en-SS,en,English,Inglês
220,en-SX,en,English,Inglês
221,en-SZ,en,English,Inglês
222,en-TC,en,English,Inglês
223,en-TK,en,English,Inglês
224,en-TO,en,English,Inglês
225,en-TT,en,English,Inglês
226,en-TV,en,English,Inglês
227,en-TZ,en,English,Inglês
228,en-UG,en,English,Inglês
229,en-UM,en,English,Inglês
230,en-US,en,English,Inglês
231,en-US-POSIX,en,English,Inglês
232,en-VC,en,English,Inglês
233,en-VG,en,English,Inglês
234,en-VI,en,English,Inglês
235,en-VU,en,English,Inglês
236,en-WS,en,English,Inglês
237,en-ZA,en,English,Inglês
238,en-ZM,en,English,Inglês
239,en-ZW,en,English,Inglês
240,eo,eo,Esperanto,Esperanto
241,eo-001,eo,Esperanto,Esperanto
242,Castilian,Castilian,Castilian,Castelhano
243,Castilian,Castilian,Castilian,Castelhano
244,Castilian,Castilian,Castilian,Castelhano
245,Castilian,Castilian,Castilian,Castelhano
246,Castilian,Castilian,Castilian,Castelhano
247,Castilian,Castilian,Castilian,Castelhano
248,Castilian,Castilian,Castilian,Castelhano
249,Castilian,Castilian,Castilian,Castelhano
250,Castilian,Castilian,Castilian,Castelhano
251,Castilian,Castilian,Castilian,Castelhano
252,Castilian,Castilian,Castilian,Castelhano
253,Castilian,Castilian,Castilian,Castelhano
254,Castilian,Castilian,Castilian,Castelhano
255,Castilian,Castilian,Castilian,Castelhano
256,Castilian,Castilian,Castilian,Castelhano
257,Castilian,Castilian,Castilian,Castelhano
258,Castilian,Castilian,Castilian,Castelhano
259,Castilian,Castilian,Castilian,Castelhano
260,Castilian,Castilian,Castilian,Castelhano
261,Castilian,Castilian,Castilian,Castelhano
262,Castilian,Castilian,Castilian,Castelhano
263,Castilian,Castilian,Castilian,Castelhano
264,Castilian,Castilian,Castilian,Castelhano
265,Castilian,Castilian,Castilian,Castelhano
266,Castilian,Castilian,Castilian,Castelhano
267,Castilian,Castilian,Castilian,Castelhano
268,Castilian,Castilian,Castilian,Castelhano
269,Castilian,Castilian,Castilian,Castelhano
270,Castilian,Castilian,Castilian,Castelhano
271,et,et,Estonian,Estoniano
272,et-EE,et,Estonian,Estoniano
273,eu,eu,Basque,Basco
274,eu-ES,eu,Basque,Basco
275,ewo,ewo,Unknown,Desconhecido
276,ewo-CM,ewo,Unknown,Desconhecido
277,fa,fa,Persian,Persa
278,fa-AF,fa,Persian,Persa
279,fa-IR,fa,Persian,Persa
280,ff,ff,Fulah,Fula
281,ff-Adlm,ff,Fulah,Fula
282,ff-Adlm-BF,ff,Fulah,Fula
283,ff-Adlm-CM,ff,Fulah,Fula
284,ff-Adlm-GH,ff,Fulah,Fula
285,ff-Adlm-GM,ff,Fulah,Fula
286,ff-Adlm-GN,ff,Fulah,Fula
287,ff-Adlm-GW,ff,Fulah,Fula
288,ff-Adlm-LR,ff,Fulah,Fula
289,ff-Adlm-MR,ff,Fulah,Fula
290,ff-Adlm-NE,ff,Fulah,Fula
291,ff-Adlm-NG,ff,Fulah,Fula
292,ff-Adlm-SL,ff,Fulah,Fula
293,ff-Adlm-SN,ff,Fulah,Fula
294,ff-Latn,ff,Fulah,Fula
295,ff-Latn-BF,ff,Fulah,Fula
296,ff-Latn-CM,ff,Fulah,Fula
297,ff-Latn-GH,ff,Fulah,Fula
298,ff-Latn-GM,ff,Fulah,Fula
299,ff-Latn-GN,ff,Fulah,Fula
300,ff-Latn-GW,ff,Fulah,Fula
301,ff-Latn-LR,ff,Fulah,Fula
302,ff-Latn-MR,ff,Fulah,Fula
303,ff-Latn-NE,ff,Fulah,Fula
304,ff-Latn-NG,ff,Fulah,Fula
305,ff-Latn-SL,ff,Fulah,Fula
306,ff-Latn-SN,ff,Fulah,Fula
307,fi,fi,Finnish,Finlandês
308,fi-FI,fi,Finnish,Finlandês
309,fil,fil,Unknown,Desconhecido
310,fil-PH,fil,Unknown,Desconhecido
311,fo,fo,Faroese,Feroês
312,fo-DK,fo,Faroese,Feroês
313,fo-FO,fo,Faroese,Feroês
314,fr,fr,French,Francês
315,fr-BE,fr,French,Francês
316,fr-BF,fr,French,Francês
317,fr-BI,fr,French,Francês
318,fr-BJ,fr,French,Francês
319,fr-BL,fr,French,Francês
320,fr-CA,fr,French,Francês
321,fr-CD,fr,French,Francês
322,fr-CF,fr,French,Francês
323,fr-CG,fr,French,Francês
324,fr-CH,fr,French,Francês
325,fr-CI,fr,French,Francês
326,fr-CM,fr,French,Francês
327,fr-DJ,fr,French,Francês
328,fr-DZ,fr,French,Francês
329,fr-FR,fr,French,Francês
330,fr-GA,fr,French,Francês
331,fr-GF,fr,French,Francês
332,fr-GN,fr,French,Francês
333,fr-GP,fr,French,Francês
334,fr-GQ,fr,French,Francês
335,fr-HT,fr,French,Francês
336,fr-KM,fr,French,Francês
337,fr-LU,fr,French,Francês
338,fr-MA,fr,French,Francês
339,fr-MC,fr,French,Francês
340,fr-MF,fr,French,Francês
341,fr-MG,fr,French,Francês
342,fr-ML,fr,French,Francês
343,fr-MQ,fr,French,Francês
344,fr-MR,fr,French,Francês
345,fr-MU,fr,French,Francês
346,fr-NC,fr,French,Francês
347,fr-NE,fr,French,Francês
348,fr-PF,fr,French,Francês
349,fr-PM,fr,French,Francês
350,fr-RE,fr,French,Francês
351,fr-RW,fr,French,Francês
352,fr-SC,fr,French,Francês
353,fr-SN,fr,French,Francês
354,fr-SY,fr,French,Francês
355,fr-TD,fr,French,Francês
356,fr-TG,fr,French,Francês
357,fr-TN,fr,French,Francês
358,fr-VU,fr,French,Francês
359,fr-WF,fr,French,Francês
360,fr-YT,fr,French,Francês
361,fur,fur,Unknown,Desconhecido
362,fur-IT,fur,Unknown,Desconhecido
363,fy,fy,Western Frisian,Frisão ocidental
364,fy-NL,fy,Western Frisian,Frisão ocidental
365,ga,ga,Irish,Irlandês
366,ga-GB,ga,Irish,Irlandês
367,ga-IE,ga,Irish,Irlandês
368,Gaelic,Gaelic,Gaelic,Gaélico
369,Gaelic,Gaelic,Gaelic,Gaélico
370,gl,gl,Galician,Galego
371,gl-ES,gl,Galician,Galego
372,gsw,gsw,Unknown,Desconhecido
373,gsw-CH,gsw,Unknown,Desconhecido
374,gsw-FR,gsw,Unknown,Desconhecido
375,gsw-LI,gsw,Unknown,Desconhecido
376,gu,gu,Gujarati,Guzerate
377,gu-IN,gu,Gujarati,Guzerate
378,guz,guz,Unknown,Desconhecido
379,guz-KE,guz,Unknown,Desconhecido
380,gv,gv,Manx,Manês
381,gv-IM,gv,Manx,Manês
382,ha,ha,Hausa,Hausa
383,ha-GH,ha,Hausa,Hausa
384,ha-NE,ha,Hausa,Hausa
385,ha-NG,ha,Hausa,Hausa
386,haw,haw,Unknown,Desconhecido
387,haw-US,haw,Unknown,Desconhecido
388,he,he,Hebrew,Hebraico
389,he-IL,he,Hebrew,Hebraico
390,hi,hi,Hindi,Hindi
391,hi-IN,hi,Hindi,Hindi
392,hr,hr,Croatian,Croata
393,hr-BA,hr,Croatian,Croata
394,hr-HR,hr,Croatian,Croata
395,hsb,hsb,Unknown,Desconhecido
396,hsb-DE,hsb,Unknown,Desconhecido
397,hu,hu,Hungarian,Húngaro
398,hu-HU,hu,Hungarian,Húngaro
399,hy,hy,Armenian,Armênio
400,hy-AM,hy,Armenian,Armênio
401,ia,ia,Interlingua (International Auxiliary Language Association),Interlíngua (Associação de Linguagem Auxiliar Internacional)
402,ia-001,ia,Interlingua (International Auxiliary Language Association),Interlíngua (Associação de Linguagem Auxiliar Internacional)
403,id,id,Indonesian,Indonésio
404,id-ID,id,Indonesian,Indonésio
405,ig,ig,Igbo,Igbo
406,ig-NG,ig,Igbo,Igbo
407,Sichuan Yi,Sichuan Yi,Sichuan Yi,Yi de Sichuan
408,Sichuan Yi,Sichuan Yi,Sichuan Yi,Yi de Sichuan
409,is,is,Icelandic,Islandês
410,is-IS,is,Icelandic,Islandês
411,it,it,Italian,Italiano
412,it-CH,it,Italian,Italiano
413,it-IT,it,Italian,Italiano
414,it-SM,it,Italian,Italiano
415,it-VA,it,Italian,Italiano
416,ja,ja,Japanese,Japonês
417,ja-JP,ja,Japanese,Japonês
418,jgo,jgo,Unknown,Desconhecido
419,jgo-CM,jgo,Unknown,Desconhecido
420,jmc,jmc,Unknown,Desconhecido
421,jmc-TZ,jmc,Unknown,Desconhecido
422,jv,jv,Javanese,Javanês
423,jv-ID,jv,Javanese,Javanês
424,ka,ka,Georgian,Georgiano
425,ka-GE,ka,Georgian,Georgiano
426,kab,kab,Unknown,Desconhecido
427,kab-DZ,kab,Unknown,Desconhecido
428,kam,kam,Unknown,Desconhecido
429,kam-KE,kam,Unknown,Desconhecido
430,kde,kde,Unknown,Desconhecido
431,kde-TZ,kde,Unknown,Desconhecido
432,kea,kea,Unknown,Desconhecido
433,kea-CV,kea,Unknown,Desconhecido
434,khq,khq,Unknown,Desconhecido
435,khq-ML,khq,Unknown,Desconhecido
436,Kikuyu,Kikuyu,Kikuyu,Kikuyu
437,Kikuyu,Kikuyu,Kikuyu,Kikuyu
438,kk,kk,Kazakh,Cazaque
439,kk-KZ,kk,Kazakh,Cazaque
440,kkj,kkj,Unknown,Desconhecido
441,kkj-CM,kkj,Unknown,Desconhecido
442,Kalaallisut,Kalaallisut,Kalaallisut,Kalaallisut
443,Kalaallisut,Kalaallisut,Kalaallisut,Kalaallisut
444,kln,kln,Unknown,Desconhecido
445,kln-KE,kln,Unknown,Desconhecido
446,km,km,Central Khmer,Khmer Central
447,km-KH,km,Central Khmer,Khmer Central
448,kn,kn,Kannada,Canarim
449,kn-IN,kn,Kannada,Canarim
450,ko,ko,Korean,Coreano
451,ko-KP,ko,Korean,Coreano
452,ko-KR,ko,Korean,Coreano
453,kok,kok,Unknown,Desconhecido
454,kok-IN,kok,Unknown,Desconhecido
455,ks,ks,Kashmiri,Caxemira
456,ks-Arab,ks,Kashmiri,Caxemira
457,ks-Arab-IN,ks,Kashmiri,Caxemira
458,ksb,ksb,Unknown,Desconhecido
459,ksb-TZ,ksb,Unknown,Desconhecido
460,ksf,ksf,Unknown,Desconhecido
461,ksf-CM,ksf,Unknown,Desconhecido
462,ksh,ksh,Unknown,Desconhecido
463,ksh-DE,ksh,Unknown,Desconhecido
464,ku,ku,Kurdish,Curdo
465,ku-TR,ku,Kurdish,Curdo
466,kw,kw,Cornish,Córnico
467,kw-GB,kw,Cornish,Córnico
468,Kirgiz,Kirgiz,Kirgiz,
469,Kirgiz,Kirgiz,Kirgiz,
470,lag,lag,Unknown,Desconhecido
471,lag-TZ,lag,Unknown,Desconhecido
472,Luxembourgish,Luxembourgish,Luxembourgish,Luxemburguês
473,Luxembourgish,Luxembourgish,Luxembourgish,Luxemburguês
474,lg,lg,Ganda,Ganda
475,lg-UG,lg,Ganda,Ganda
476,lkt,lkt,Unknown,Desconhecido
477,lkt-US,lkt,Unknown,Desconhecido
478,ln,ln,Lingala,Lingala
479,ln-AO,ln,Lingala,Lingala
480,ln-CD,ln,Lingala,Lingala
481,ln-CF,ln,Lingala,Lingala
482,ln-CG,ln,Lingala,Lingala
483,lo,lo,Lao,Laosiano
484,lo-LA,lo,Lao,Laosiano
485,lrc,lrc,Unknown,Desconhecido
486,lrc-IQ,lrc,Unknown,Desconhecido
487,lrc-IR,lrc,Unknown,Desconhecido
488,lt,lt,Lithuanian,Lituano
489,lt-LT,lt,Lithuanian,Lituano
490,lu,lu,Luba-Katanga,Luba-Katanga
491,lu-CD,lu,Luba-Katanga,Luba-Katanga
492,luo,luo,Unknown,Desconhecido
493,luo-KE,luo,Unknown,Desconhecido
494,luy,luy,Unknown,Desconhecido
495,luy-KE,luy,Unknown,Desconhecido
496,lv,lv,Latvian,Letão
497,lv-LV,lv,Latvian,Letão
498,mai,mai,Unknown,Desconhecido
499,mai-IN,mai,Unknown,Desconhecido
500,mas,mas,Unknown,Desconhecido
501,mas-KE,mas,Unknown,Desconhecido
502,mas-TZ,mas,Unknown,Desconhecido
503,mer,mer,Unknown,Desconhecido
504,mer-KE,mer,Unknown,Desconhecido
505,mfe,mfe,Unknown,Desconhecido
506,mfe-MU,mfe,Unknown,Desconhecido
507,mg,mg,Malagasy,Malgaxe
508,mg-MG,mg,Malagasy,Malgaxe
509,mgh,mgh,Unknown,Desconhecido
510,mgh-MZ,mgh,Unknown,Desconhecido
511,mgo,mgo,Unknown,Desconhecido
512,mgo-CM,mgo,Unknown,Desconhecido
513,mi,mi,Maori,Maori
514,mi-NZ,mi,Maori,Maori
515,mk,mk,Macedonian,Macedônio
516,mk-MK,mk,Macedonian,Macedônio
517,ml,ml,Malayalam,Malaiala
518,ml-IN,ml,Malayalam,Malaiala
519,mn,mn,Mongolian,Mongol
520,mn-MN,mn,Mongolian,Mongol
521,mni,mni,Unknown,Desconhecido
522,mni-Beng,mni,Unknown,Desconhecido
523,mni-Beng-IN,mni,Unknown,Desconhecido
524,mr,mr,Marathi,Marata
525,mr-IN,mr,Marathi,Marata
526,ms,ms,Malay,Malaio
527,ms-BN,ms,Malay,Malaio
528,ms-ID,ms,Malay,Malaio
529,ms-MY,ms,Malay,Malaio
530,ms-SG,ms,Malay,Malaio
531,mt,mt,Maltese,Maltês
532,mt-MT,mt,Maltese,Maltês
533,mua,mua,Unknown,Desconhecido
534,mua-CM,mua,Unknown,Desconhecido
535,my,my,Burmese,Birmanês
536,my-MM,my,Burmese,Birmanês
537,mzn,mzn,Unknown,Desconhecido
538,mzn-IR,mzn,Unknown,Desconhecido
539,naq,naq,Unknown,Desconhecido
540,naq-NA,naq,Unknown,Desconhecido
541,Norwegian,Norwegian,Norwegian,Norueguês
542,Norwegian,Norwegian,Norwegian,Norueguês
543,Norwegian,Norwegian,Norwegian,Norueguês
544,North Ndebele,North Ndebele,North Ndebele,Ndebele do Norte
545,North Ndebele,North Ndebele,North Ndebele,Ndebele do Norte
546,nds,nds,Unknown,Desconhecido
547,nds-DE,nds,Unknown,Desconhecido
548,nds-NL,nds,Unknown,Desconhecido
549,ne,ne,Nepali,Nepalês
550,ne-IN,ne,Nepali,Nepalês
551,ne-NP,ne,Nepali,Nepalês
552,Dutch,Dutch,Dutch,Holandês
553,Dutch,Dutch,Dutch,Holandês
554,Dutch,Dutch,Dutch,Holandês
555,Dutch,Dutch,Dutch,Holandês
556,Dutch,Dutch,Dutch,Holandês
557,Dutch,Dutch,Dutch,Holandês
558,Dutch,Dutch,Dutch,Holandês
559,Dutch,Dutch,Dutch,Holandês
560,nmg,nmg,Unknown,Desconhecido
561,nmg-CM,nmg,Unknown,Desconhecido
562,Norwegian,Norwegian,Norwegian,Norueguês
563,Norwegian,Norwegian,Norwegian,Norueguês
564,nnh,nnh,Unknown,Desconhecido
565,nnh-CM,nnh,Unknown,Desconhecido
566,nus,nus,Unknown,Desconhecido
567,nus-SS,nus,Unknown,Desconhecido
568,nyn,nyn,Unknown,Desconhecido
569,nyn-UG,nyn,Unknown,Desconhecido
570,om,om,Oromo,Oromo
571,om-ET,om,Oromo,Oromo
572,om-KE,om,Oromo,Oromo
573,or,or,Oriya,Oriya
574,or-IN,or,Oriya,Oriya
575,Ossetian,Ossetian,Ossetian,Ossético
576,Ossetian,Ossetian,Ossetian,Ossético
577,Ossetian,Ossetian,Ossetian,Ossético
578,pa,pa,Panjabi; Punjabi,
579,pa-Arab,pa,Panjabi; Punjabi,
580,pa-Arab-PK,pa,Panjabi; Punjabi,
581,pa-Guru,pa,Panjabi; Punjabi,
582,pa-Guru-IN,pa,Panjabi; Punjabi,
583,pcm,pcm,Unknown,Desconhecido
584,pcm-NG,pcm,Unknown,Desconhecido
585,pl,pl,Polish,Polonês
586,pl-PL,pl,Polish,Polonês
587,prg,prg,Unknown,Desconhecido
588,prg-001,prg,Unknown,Desconhecido
589,Pushto,Pushto,Pushto,Pashto
590,Pushto,Pushto,Pushto,Pashto
591,Pushto,Pushto,Pushto,Pashto
592,pt,pt,Portuguese,Português
593,pt-AO,pt,Portuguese,Português
594,pt-BR,pt,Portuguese,Português
595,pt-CH,pt,Portuguese,Português
596,pt-CV,pt,Portuguese,Português
597,pt-GQ,pt,Portuguese,Português
598,pt-GW,pt,Portuguese,Português
599,pt-LU,pt,Portuguese,Português
600,pt-MO,pt,Portuguese,Português
601,pt-MZ,pt,Portuguese,Português
602,pt-PT,pt,Portuguese,Português
603,pt-ST,pt,Portuguese,Português
604,pt-TL,pt,Portuguese,Português
605,qu,qu,Quechua,Quíchua
606,qu-BO,qu,Quechua,Quíchua
607,qu-EC,qu,Quechua,Quíchua
608,qu-PE,qu,Quechua,Quíchua
609,rm,rm,Romansh,Romanche
610,rm-CH,rm,Romansh,Romanche
611,rn,rn,Rundi,Rundi
612,rn-BI,rn,Rundi,Rundi
613,Romanian,Romanian,Romanian,Romeno
614,Romanian,Romanian,Romanian,Romeno
615,Romanian,Romanian,Romanian,Romeno
616,rof,rof,Unknown,Desconhecido
617,rof-TZ,rof,Unknown,Desconhecido
618,root,root,Unknown,Desconhecido
619,ru,ru,Russian,Russo
620,ru-BY,ru,Russian,Russo
621,ru-KG,ru,Russian,Russo
622,ru-KZ,ru,Russian,Russo
623,ru-MD,ru,Russian,Russo
624,ru-RU,ru,Russian,Russo
625,ru-UA,ru,Russian,Russo
626,rw,rw,Kinyarwanda,Kinyarwanda
627,rw-RW,rw,Kinyarwanda,Kinyarwanda
628,rwk,rwk,Unknown,Desconhecido
629,rwk-TZ,rwk,Unknown,Desconhecido
630,sah,sah,Unknown,Desconhecido
631,sah-RU,sah,Unknown,Desconhecido
632,saq,saq,Unknown,Desconhecido
633,saq-KE,saq,Unknown,Desconhecido
634,sat,sat,Unknown,Desconhecido
635,sat-Olck,sat,Unknown,Desconhecido
636,sat-Olck-IN,sat,Unknown,Desconhecido
637,sbp,sbp,Unknown,Desconhecido
638,sbp-TZ,sbp,Unknown,Desconhecido
639,sd,sd,Sindhi,Sindi
640,sd-Arab,sd,Sindhi,Sindi
641,sd-Arab-PK,sd,Sindhi,Sindi
642,sd-Deva,sd,Sindhi,Sindi
643,sd-Deva-IN,sd,Sindhi,Sindi
644,se,se,Northern Sami,Sami do Norte
645,se-FI,se,Northern Sami,Sami do Norte
646,se-NO,se,Northern Sami,Sami do Norte
647,se-SE,se,Northern Sami,Sami do Norte
648,seh,seh,Unknown,Desconhecido
649,seh-MZ,seh,Unknown,Desconhecido
650,ses,ses,Unknown,Desconhecido
651,ses-ML,ses,Unknown,Desconhecido
652,sg,sg,Sango,Sango
653,sg-CF,sg,Sango,Sango
654,shi,shi,Unknown,Desconhecido
655,shi-Latn,shi,Unknown,Desconhecido
656,shi-Latn-MA,shi,Unknown,Desconhecido
657,shi-Tfng,shi,Unknown,Desconhecido
658,shi-Tfng-MA,shi,Unknown,Desconhecido
659,Sinhala,Sinhala,Sinhala,Cingalês
660,Sinhala,Sinhala,Sinhala,Cingalês
661,sk,sk,Slovak,Eslovaco
662,sk-SK,sk,Slovak,Eslovaco
663,sl,sl,Slovenian,Esloveno
664,sl-SI,sl,Slovenian,Esloveno
665,smn,smn,Unknown,Desconhecido
666,smn-FI,smn,Unknown,Desconhecido
667,sn,sn,Shona,Shona
668,sn-ZW,sn,Shona,Shona
669,so,so,Somali,Somali
670,so-DJ,so,Somali,Somali
671,so-ET,so,Somali,Somali
672,so-KE,so,Somali,Somali
673,so-SO,so,Somali,Somali
674,sq,sq,Albanian,Albanês
675,sq-AL,sq,Albanian,Albanês
676,sq-MK,sq,Albanian,Albanês
677,sq-XK,sq,Albanian,Albanês
678,sr,sr,Serbian,Sérvio
679,sr-Cyrl,sr,Serbian,Sérvio
680,sr-Cyrl-BA,sr,Serbian,Sérvio
681,sr-Cyrl-ME,sr,Serbian,Sérvio
682,sr-Cyrl-RS,sr,Serbian,Sérvio
683,sr-Cyrl-XK,sr,Serbian,Sérvio
684,sr-Latn,sr,Serbian,Sérvio
685,sr-Latn-BA,sr,Serbian,Sérvio
686,sr-Latn-ME,sr,Serbian,Sérvio
687,sr-Latn-RS,sr,Serbian,Sérvio
688,sr-Latn-XK,sr,Serbian,Sérvio
689,su,su,Sundanese,Sundanês
690,su-Latn,su,Sundanese,Sundanês
691,su-Latn-ID,su,Sundanese,Sundanês
692,sv,sv,Swedish,Sueco
693,sv-AX,sv,Swedish,Sueco
694,sv-FI,sv,Swedish,Sueco
695,sv-SE,sv,Swedish,Sueco
696,sw,sw,Swahili,Suaíli
697,sw-CD,sw,Swahili,Suaíli
698,sw-KE,sw,Swahili,Suaíli
699,sw-TZ,sw,Swahili,Suaíli
700,sw-UG,sw,Swahili,Suaíli
701,ta,ta,Tamil,Tâmil
702,ta-IN,ta,Tamil,Tâmil
703,ta-LK,ta,Tamil,Tâmil
704,ta-MY,ta,Tamil,Tâmil
705,ta-SG,ta,Tamil,Tâmil
706,te,te,Telugu,Telugu
707,te-IN,te,Telugu,Telugu
708,teo,teo,Unknown,Desconhecido
709,teo-KE,teo,Unknown,Desconhecido
710,teo-UG,teo,Unknown,Desconhecido
711,tg,tg,Tajik,Tadjique
712,tg-TJ,tg,Tajik,Tadjique
713,th,th,Thai,Tailandês
714,th-TH,th,Thai,Tailandês
715,ti,ti,Tigrinya,Tigrínia
716,ti-ER,ti,Tigrinya,Tigrínia
717,ti-ET,ti,Tigrinya,Tigrínia
718,tk,tk,Turkmen,Turcomano
719,tk-TM,tk,Turkmen,Turcomano
720,Tonga,Tonga,Tonga,Tonga
721,Tonga,Tonga,Tonga,Tonga
722,tr,tr,Turkish,Turco
723,tr-CY,tr,Turkish,Turco
724,tr-TR,tr,Turkish,Turco
725,tt,tt,Tatar,Tártaro
726,tt-RU,tt,Tatar,Tártaro
727,twq,twq,Unknown,Desconhecido
728,twq-NE,twq,Unknown,Desconhecido
729,tzm,tzm,Unknown,Desconhecido
730,tzm-MA,tzm,Unknown,Desconhecido
731,Uighur,Uighur,Uighur,Uigur
732,Uighur,Uighur,Uighur,Uigur
733,uk,uk,Ukrainian,Ucraniano
734,uk-UA,uk,Ukrainian,Ucraniano
735,ur,ur,Urdu,Urdu
736,ur-IN,ur,Urdu,Urdu
737,ur-PK,ur,Urdu,Urdu
738,uz,uz,Uzbek,Usbeque
739,uz-Arab,uz,Uzbek,Usbeque
740,uz-Arab-AF,uz,Uzbek,Usbeque
741,uz-Cyrl,uz,Uzbek,Usbeque
742,uz-Cyrl-UZ,uz,Uzbek,Usbeque
743,uz-Latn,uz,Uzbek,Usbeque
744,uz-Latn-UZ,uz,Uzbek,Usbeque
745,vai,vai,Unknown,Desconhecido
746,vai-Latn,vai,Unknown,Desconhecido
747,vai-Latn-LR,vai,Unknown,Desconhecido
748,vai-Vaii,vai,Unknown,Desconhecido
749,vai-Vaii-LR,vai,Unknown,Desconhecido
750,vi,vi,Vietnamese,Vietnamita
751,vi-VN,vi,Vietnamese,Vietnamita
752,vo,vo,Volapük,Volapuque
753,vo-001,vo,Volapük,Volapuque
754,vun,vun,Unknown,Desconhecido
755,vun-TZ,vun,Unknown,Desconhecido
756,wae,wae,Unknown,Desconhecido
757,wae-CH,wae,Unknown,Desconhecido
758,wo,wo,Wolof,Uólofe
759,wo-SN,wo,Wolof,Uólofe
760,xh,xh,Xhosa,Xhosa
761,xh-ZA,xh,Xhosa,Xhosa
762,xog,xog,Unknown,Desconhecido
763,xog-UG,xog,Unknown,Desconhecido
764,yav,yav,Unknown,Desconhecido
765,yav-CM,yav,Unknown,Desconhecido
766,yi,yi,Yiddish,Iídiche
767,yi-001,yi,Yiddish,Iídiche
768,yo,yo,Yoruba,Ioruba
769,yo-BJ,yo,Yoruba,Ioruba
770,yo-NG,yo,Yoruba,Ioruba
771,yue,yue,Unknown,Desconhecido
772,yue-Hans,yue,Unknown,Desconhecido
773,yue-Hans-CN,yue,Unknown,Desconhecido
774,yue-Hant,yue,Unknown,Desconhecido
775,yue-Hant-HK,yue,Unknown,Desconhecido
776,zgh,zgh,Unknown,Desconhecido
777,zgh-MA,zgh,Unknown,Desconhecido
778,zh,zh,Chinese,Chinês
779,zh-Hans,zh,Chinese,Chinês
780,zh-Hans-CN,zh,Chinese,Chinês
781,zh-Hans-HK,zh,Chinese,Chinês
782,zh-Hans-MO,zh,Chinese,Chinês
783,zh-Hans-SG,zh,Chinese,Chinês
784,zh-Hant,zh,Chinese,Chinês
785,zh-Hant-HK,zh,Chinese,Chinês
786,zh-Hant-MO,zh,Chinese,Chinês
787,zh-Hant-TW,zh,Chinese,Chinês
788,zu,zu,Zulu,Zulu
789,zu-ZA,zu,Zulu,Zulu
